Aunt Bessie's,Aunt Bessie,Aunt Bessies,Aunt
Aunty's,Auntys
Cadbury,Cadburys,Cadbury's
Campbell's,Campbells
Colman's,Colmans
Colman's,Colmans
Cully&Sully,Cully
Dove,Dove Beauty
Dr. Oetker,Dr Oetker
Farley's,Farley,Farleys
Garnier,Garnier Fructis
HP,Hp
Hellmann's,Hellmann,Hellmanns,Hellman's
Huggies,Huggies Natural Care
Johnson's Baby,Johnsons Baby
Kit Kat,KitKat
L'Oreal,Loreal,L'oreal,Lâ€™Oreal
Lyle's,Lyles
McVitie's,Mcvitie's,Mcvities
Mr.Kipling,Mr Kipling,Kip,Mr
Nando's,Nandos
Newman's Own,Newmans,Newman's
Patak's,Pataks
Red's,Reds
Twinings,Twining's
Uncle Ben's,Uncle,Uncle Bens